model,rmse,mae,rel_rmse,dm_stat,dm_pvalue,week
U-MIDAS,0.17712342468203612,0.10845191832354062,0.9600475227765066,-1.2220949897518751,0.22374007719929842,1
AR+exp,0.18131074817415208,0.11234296400396027,0.9827437277131849,-0.4268144005552747,0.6701748590980311,1
Combination,0.18252289842874253,0.11169559797786392,0.9893138459865952,-0.21419392269234247,0.830709729831152,1
Ridge,0.18317639135600938,0.1167377386015144,0.9928559199223311,-0.1324428958788317,0.8948255179912687,1
MIDAS-Almon,0.18322146227326544,0.12047656317651195,0.9931002141061107,-0.1341524561640487,0.893476065838108,1
AR,0.18449443436902593,0.1133960843731343,1.0,,,1
XGBoost,0.19696534992270123,0.12304422397998968,1.0675950773058605,0.8168535394199317,0.41540994084084565,1
LASSO,0.21516197213471264,0.1320602300219748,1.1662247312260134,2.0776767095494137,0.03957898641195924,1
RW,0.3810668577456874,0.2632558957096557,2.0654653298834864,5.841779747598315,3.497927507213521e-08,1
U-MIDAS,0.1809934548801875,0.11514037121531626,0.9810239289829429,-0.4244340227195262,0.6719055122990185,2
AR+exp,0.18131074817415208,0.11234296400396027,0.9827437277131849,-0.4268144005552747,0.6701748590980311,2
AR,0.18449443436902593,0.1133960843731343,1.0,,,2
Ridge,0.1855346027562174,0.11119895966995075,1.0056379391104606,0.09129288635414463,0.9273913020870437,2
Combination,0.18601293579792633,0.11067165126026508,1.0082306083329489,0.1307315038830438,0.896176724246124,2
MIDAS-Almon,0.18918872988390564,0.11718866895419924,1.0254441036713886,0.36843893092343977,0.7131065000192381,2
XGBoost,0.19985464671101866,0.11706526773602555,1.083255694918521,0.9195975093911172,0.3593762364799714,2
LASSO,0.21453861613141226,0.1303532855617574,1.1628460059791936,1.912821528033571,0.05782759007240348,2
RW,0.3810668577456874,0.2632558957096557,2.0654653298834864,5.841779747598315,3.497927507213521e-08,2
AR+exp,0.18131074817415208,0.11234296400396027,0.9827437277131849,-0.4268144005552747,0.6701748590980311,3
AR,0.18449443436902593,0.1133960843731343,1.0,,,3
U-MIDAS,0.1911697923713491,0.11997763641020592,1.0361818936443963,0.5917007594982862,0.5550121127555504,3
Combination,0.19626702375443694,0.11756246909148249,1.0638099974434105,0.8948285588425055,0.37242561795420626,3
Ridge,0.2027393667072863,0.12585422751580186,1.0988915053218724,1.4451515635386964,0.15066598931938324,3
MIDAS-Almon,0.2027537095003125,0.1291326105147377,1.0989692463826,1.3981261768548305,0.1643021109085376,3
LASSO,0.21020207795446758,0.12915842789232074,1.1393410249656701,1.7496029434878502,0.08239379848579222,3
XGBoost,0.2154456371528473,0.12723781622556224,1.167762257380148,1.5372788727956819,0.12649827884030976,3
RW,0.3810668577456874,0.2632558957096557,2.0654653298834864,5.841779747598315,3.497927507213521e-08,3
AR+exp,0.18131074817415208,0.11234296400396027,0.9827437277131849,-0.4268144005552747,0.6701748590980311,4
AR,0.18449443436902593,0.1133960843731343,1.0,,,4
MIDAS-Almon,0.18826428396969638,0.12208599334467637,1.0204334055580777,0.41213421293870256,0.6808759452055059,4
Combination,0.1905978579578017,0.11525940253233181,1.033081884608875,0.5079401922745708,0.6123003778663869,4
U-MIDAS,0.19170710023557747,0.12234177442278679,1.0390942192441683,0.6362360912164331,0.525668814364798,4
Ridge,0.1977739903515784,0.1242937748580788,1.0719780844770128,1.1866299436836554,0.23739779733905567,4
LASSO,0.21065286707617087,0.12832238963288356,1.141784400145225,1.7146175671086206,0.08864404302446043,4
XGBoost,0.2150123871115663,0.12946763184991614,1.1654139478348617,1.537180445028034,0.12652236645302145,4
RW,0.3810668577456874,0.2632558957096557,2.0654653298834864,5.841779747598315,3.497927507213521e-08,4
